{"images/ankle/anklecalf.png":["images/ankle/anklecalf.png"],"images/ankle/ankletap.png":["images/ankle/ankletap.png"],"images/back/backchair.png":["images/back/backchair.png"],"images/back/backfor.png":["images/back/backfor.png"],"images/back/backl.png":["images/back/backl.png"],"images/back/backseat.png":["images/back/backseat.png"],"images/back/backstandback.png":["images/back/backstandback.png"],"images/back/backstandside.png":["images/back/backstandside.png"],"images/body.png":["images/body.png"],"images/brainware.jpg":["images/brainware.jpg"],"images/elbow/bicep.png":["images/elbow/bicep.png"],"images/elbow/tricep.png":["images/elbow/tricep.png"],"images/hand/wristex.png":["images/hand/wristex.png"],"images/hand/wristrot.png":["images/hand/wristrot.png"],"images/hip/hipdesk.png":["images/hip/hipdesk.png"],"images/hip/hipstandback.png":["images/hip/hipstandback.png"],"images/hip/hipstandfor.png":["images/hip/hipstandfor.png"],"images/icon.png":["images/icon.png"],"images/knee/kneecurl.png":["images/knee/kneecurl.png"],"images/knee/kneeraise.png":["images/knee/kneeraise.png"],"images/logo.png":["images/logo.png"],"images/long.jpg":["images/long.jpg"],"images/medback.jpg":["images/medback.jpg"],"images/medical.jpg":["images/medical.jpg"],"images/neck/neckex.png":["images/neck/neckex.png"],"images/neck/neckflex.png":["images/neck/neckflex.png"],"images/neck/necklatleft.png":["images/neck/necklatleft.png"],"images/neck/necklatright.png":["images/neck/necklatright.png"],"images/neck/neckrotate.png":["images/neck/neckrotate.png"],"images/scale.png":["images/scale.png"],"images/shoulder/sback.png":["images/shoulder/sback.png"],"images/shoulder/sfor.png":["images/shoulder/sfor.png"],"images/shoulder/sup.png":["images/shoulder/sup.png"],"images/splash.jpeg":["images/splash.jpeg"],"packages/cupertino_icons/assets/CupertinoIcons.ttf":["packages/cupertino_icons/assets/CupertinoIcons.ttf"]}